<filetype binary="false" description="GridLAB-D Model" name="GridLAB-D Model">
  <highlighting>
    <options>
      <option name="LINE_COMMENT" value="//" />
      <option name="COMMENT_START" value="" />
      <option name="COMMENT_END" value="" />
      <option name="HEX_PREFIX" value="" />
      <option name="NUM_POSTFIXES" value="" />
      <option name="HAS_BRACES" value="true" />
      <option name="HAS_BRACKETS" value="true" />
      <option name="HAS_PARENS" value="true" />
      <option name="HAS_STRING_ESCAPES" value="true" />
    </options>
    <keywords keywords="#include;#set;clock;module;object" ignore_case="false" />
    <keywords2 keywords="climate;commercial;connection;control;generators;market;powerflow;reliability;residential;tape" />
  </highlighting>
  <extensionMap>
    <mapping ext="glm" />
  </extensionMap>
</filetype>